{
    "ep1": {
        "udp://0.0.0.0:19850": [
            [
                "stay"
            ],
            [
                "stay"
            ],
            [
                "forward"
            ],
            [
                "stay"
            ]
        ],
        "udp://0.0.0.0:19851": [
            [
                "stay"
            ],
            [
                "forward"
            ],
            [
                "forward"
            ],
            [
                "forward"
            ]
        ],
        "udp://0.0.0.0:19852": [
            [
                "stay"
            ],
            [
                "left"
            ],
            [
                "forward"
            ],
            [
                "stay"
            ]
        ],
        "udp://0.0.0.0:19853": [
            [
                "stay"
            ],
            [
                "left"
            ],
            [
                "left"
            ],
            [
                "left"
            ]
        ],
        "rewards": [
            1.1736501325800086,
            4.428962232570331,
            4.466273095659487,
            3.7317705238996677
        ]
    },
    "ep3": {
        "udp://0.0.0.0:19850": [
            [
                "stay"
            ],
            [
                "stay"
            ],
            [
                "forward"
            ],
            [
                "stay"
            ]
        ],
        "udp://0.0.0.0:19851": [
            [
                "stay"
            ],
            [
                "forward"
            ],
            [
                "forward"
            ],
            [
                "forward"
            ]
        ],
        "udp://0.0.0.0:19852": [
            [
                "stay"
            ],
            [
                "left"
            ],
            [
                "forward"
            ],
            [
                "stay"
            ]
        ],
        "udp://0.0.0.0:19853": [
            [
                "stay"
            ],
            [
                "left"
            ],
            [
                "left"
            ],
            [
                "left"
            ]
        ],
        "rewards": [
            1.3992969016495405,
            4.422667995961339,
            4.453795764253706,
            3.748248628065733
        ]
    },
    "ep4": {
        "udp://0.0.0.0:19850": [
            [
                "stay"
            ],
            [
                "stay"
            ],
            [
                "forward"
            ],
            [
                "stay"
            ]
        ],
        "udp://0.0.0.0:19851": [
            [
                "stay"
            ],
            [
                "forward"
            ],
            [
                "forward"
            ],
            [
                "forward"
            ]
        ],
        "udp://0.0.0.0:19852": [
            [
                "stay"
            ],
            [
                "left"
            ],
            [
                "forward"
            ],
            [
                "stay"
            ]
        ],
        "udp://0.0.0.0:19853": [
            [
                "stay"
            ],
            [
                "left"
            ],
            [
                "left"
            ],
            [
                "left"
            ]
        ],
        "rewards": [
            1.3979901168614877,
            4.444154842231715,
            4.445629468144384,
            3.721610827257562
        ]
    },
    "ep5": {
        "udp://0.0.0.0:19850": [
            [
                "stay"
            ],
            [
                "stay"
            ],
            [
                "forward"
            ],
            [
                "stay"
            ]
        ],
        "udp://0.0.0.0:19851": [
            [
                "stay"
            ],
            [
                "forward"
            ],
            [
                "forward"
            ],
            [
                "forward"
            ]
        ],
        "udp://0.0.0.0:19852": [
            [
                "stay"
            ],
            [
                "left"
            ],
            [
                "forward"
            ],
            [
                "stay"
            ]
        ],
        "udp://0.0.0.0:19853": [
            [
                "stay"
            ],
            [
                "left"
            ],
            [
                "left"
            ],
            [
                "left"
            ]
        ],
        "rewards": [
            2.213927483374978,
            2.080698086784464,
            2.2446745557830794,
            2.738036537060891
        ]
    },
    "ep6": {
        "udp://0.0.0.0:19850": [
            [
                "stay"
            ],
            [
                "stay"
            ],
            [
                "forward"
            ],
            [
                "stay"
            ]
        ],
        "udp://0.0.0.0:19851": [
            [
                "stay"
            ],
            [
                "forward"
            ],
            [
                "forward"
            ],
            [
                "forward"
            ]
        ],
        "udp://0.0.0.0:19852": [
            [
                "stay"
            ],
            [
                "left"
            ],
            [
                "forward"
            ],
            [
                "stay"
            ]
        ],
        "udp://0.0.0.0:19853": [
            [
                "stay"
            ],
            [
                "left"
            ],
            [
                "left"
            ],
            [
                "left"
            ]
        ],
        "rewards": [
            1.3894244421924782,
            4.207165249401797,
            4.4253262147561525,
            3.7361434081053724
        ]
    },
    "ep8": {
        "udp://0.0.0.0:19850": [
            [
                "stay"
            ],
            [
                "stay"
            ],
            [
                "forward"
            ],
            [
                "stay"
            ]
        ],
        "udp://0.0.0.0:19851": [
            [
                "stay"
            ],
            [
                "forward"
            ],
            [
                "forward"
            ],
            [
                "forward"
            ]
        ],
        "udp://0.0.0.0:19852": [
            [
                "stay"
            ],
            [
                "left"
            ],
            [
                "forward"
            ],
            [
                "stay"
            ]
        ],
        "udp://0.0.0.0:19853": [
            [
                "stay"
            ],
            [
                "left"
            ],
            [
                "left"
            ],
            [
                "left"
            ]
        ],
        "rewards": [
            1.4006615795556456,
            4.214881615110151,
            4.390809113132149,
            3.7090001972960467
        ]
    },
    "ep9": {
        "udp://0.0.0.0:19850": [
            [
                "stay"
            ],
            [
                "stay"
            ],
            [
                "forward"
            ],
            [
                "stay"
            ]
        ],
        "udp://0.0.0.0:19851": [
            [
                "stay"
            ],
            [
                "forward"
            ],
            [
                "forward"
            ],
            [
                "forward"
            ]
        ],
        "udp://0.0.0.0:19852": [
            [
                "stay"
            ],
            [
                "left"
            ],
            [
                "forward"
            ],
            [
                "stay"
            ]
        ],